{"initial_reset_timestamp": 1527998313.3350236, "timestamps": [1527998315.4004488, 1527998317.3852615, 1527998317.5548863, 1527998317.5606072, 1527998317.5629299, 1527998317.5656567, 1527998320.717787, 1527998341.2854617, 1527998356.1125667, 1527998356.3735218, 1527998356.5048327, 1527998356.661681, 1527998356.7658286, 1527998369.220569, 1527998381.916619, 1527998382.0067182, 1527998382.225558, 1527998395.022426, 1527998407.7374477, 1527998407.8789053, 1527998408.0020106, 1527998408.2855535, 1527998408.4207969, 1527998422.298202, 1527998422.7201974, 1527998423.3440351, 1527998436.5803406, 1527998437.9201097, 1527998438.5344899, 1527998439.0460439, 1527998439.1589103, 1527998439.5908356, 1527998439.7941372, 1527998439.9992497, 1527998440.156302, 1527998453.4102826, 1527998453.640348, 1527998453.8744614, 1527998454.0113335, 1527998454.1516137, 1527998454.2747386, 1527998466.9711237, 1527998479.4884064, 1527998479.8908784, 1527998480.0032759, 1527998480.132275, 1527998480.2858438, 1527998480.7419472, 1527998480.9135256, 1527998481.0392025, 1527998481.2318127, 1527998481.910836, 1527998481.9775124, 1527998482.1247234, 1527998494.9612103, 1527998495.1068306, 1527998507.9069204, 1527998520.6966703, 1527998520.9964063, 1527998521.1233904, 1527998533.9914675, 1527998534.266457, 1527998534.6794293, 1527998534.7987103, 1527998535.8316224, 1527998536.115961, 1527998536.487185, 1527998536.6947927, 1527998537.1806812, 1527998550.633363, 1527998550.897116, 1527998551.4897785, 1527998551.67928, 1527998552.0190964, 1527998552.6119506, 1527998552.7578208, 1527998553.0554123, 1527998565.8001757, 1527998565.9302819, 1527998579.010057, 1527998579.1979954, 1527998579.3181632, 1527998580.1996756, 1527998593.2889135, 1527998606.5339544, 1527998606.6860683, 1527998619.495864, 1527998632.9140582, 1527998633.4383476, 1527998633.598772, 1527998633.95575, 1527998634.208877, 1527998648.7949877, 1527998663.5328836, 1527998664.562003, 1527998665.002332, 1527998665.5221667, 1527998666.598787, 1527998666.7027743, 1527998681.0961416, 1527998695.7507524, 1527998695.9738598, 1527998696.478951, 1527998711.4366002, 1527998711.6225722, 1527998726.7678876, 1527998741.401844, 1527998741.8867755, 1527998742.3658578, 1527998756.4531498, 1527998771.2395277, 1527998771.6986191, 1527998771.8507042, 1527998772.4845917, 1527998772.9366374, 1527998773.3172472, 1527998773.471256, 1527998773.8784661, 1527998787.6240947, 1527998787.8876526, 1527998788.0460725, 1527998801.617871, 1527998802.1476538, 1527998802.307249, 1527998815.8735192, 1527998833.9128525, 1527998847.7876227, 1527998848.6818542, 1527998849.288713, 1527998863.2088814, 1527998877.098599, 1527998904.333837, 1527998905.1235714, 1527998918.2800949, 1527998932.4121282, 1527998933.406173, 1527998946.8664653, 1527998947.3555117, 1527998948.456888, 1527998961.4529028, 1527998988.8638484, 1527999003.619858, 1527999031.476098, 1527999045.3166034, 1527999071.8871055, 1527999085.987554, 1527999113.732506, 1527999142.0069938, 1527999156.359678, 1527999171.3157682, 1527999185.2591257, 1527999199.5536807, 1527999226.68261, 1527999241.38663, 1527999268.004489, 1527999283.2036862, 1527999311.360213, 1527999326.1884787, 1527999354.0423262, 1527999381.0745068, 1527999408.5801964, 1527999423.5288217, 1527999451.8600721, 1527999479.353845, 1527999507.4927258, 1527999535.5125368, 1527999552.497696, 1527999583.0427997, 1527999598.3055267, 1527999626.5553224, 1527999655.1004183, 1527999683.2176836, 1527999710.7865646, 1527999753.9559631, 1527999767.8863373, 1527999810.1669128, 1527999838.2931736, 1527999867.010503, 1527999881.620576, 1527999909.7083051, 1527999938.034244, 1527999952.7754724, 1527999981.613215, 1527999995.5154412, 1528000037.6829777, 1528000066.5834496, 1528000096.5904553, 1528000127.626071, 1528000144.2117867, 1528000159.826924, 1528000174.5252526, 1528000202.786664, 1528000218.3004591, 1528000232.738001, 1528000247.5863395, 1528000261.5461524, 1528000276.1784842, 1528000304.5288265, 1528000332.9213886, 1528000347.4742138, 1528000363.0405204, 1528000377.4450657, 1528000406.0037694, 1528000434.02126, 1528000462.3138053, 1528000504.649635, 1528000519.088354, 1528000548.1256125, 1528000563.066062, 1528000591.8414207, 1528000606.3268788, 1528000649.1530995, 1528000663.6249719, 1528000678.6246364, 1528000708.0237253, 1528000736.4731524, 1528000757.9788308, 1528000787.606343, 1528000817.0454347, 1528000832.6472101, 1528000848.122988, 1528000863.0540676, 1528000892.613304, 1528000907.6120539, 1528000922.5793953, 1528000937.4789877, 1528000952.988151, 1528000982.2788332, 1528001012.468543, 1528001041.918956, 1528001056.7071412, 1528001070.9739347, 1528001086.8107557, 1528001116.6110916, 1528001131.6691318, 1528001160.7658308, 1528001176.1466172, 1528001205.43145, 1528001219.8471305, 1528001249.6272447, 1528001279.1994674, 1528001308.4925637, 1528001324.2704313, 1528001354.2191265, 1528001383.47646, 1528001428.4783275, 1528001457.9556675, 1528001487.1774285, 1528001503.114216, 1528001532.9238222, 1528001548.1028845, 1528001563.7020762, 1528001593.4476562, 1528001609.2527072, 1528001624.6001287, 1528001654.7055588, 1528001669.9356341, 1528001699.7160454, 1528001730.5176592, 1528001761.1588838, 1528001776.7422318, 1528001823.4962008, 1528001839.7431011, 1528001885.2626064, 1528001932.2018032, 1528001978.4751446, 1528002009.9155624, 1528002041.1924303, 1528002087.6220362, 1528002149.318585, 1528002198.1743019, 1528002214.5760806, 1528002247.5789235, 1528002264.6237326, 1528002316.4559748, 1528002317.2732494, 1528002369.6402042, 1528002387.7323601, 1528002438.127068, 1528002471.483883, 1528002489.1564798, 1528002505.8010879, 1528002538.603421, 1528002556.1013968, 1528002572.3205543, 1528002603.9849956, 1528002620.2759266, 1528002635.8664086, 1528002667.6941767, 1528002685.1419609, 1528002701.9855318, 1528002702.5841904, 1528002718.9836276, 1528002720.3815477, 1528002751.5327685, 1528002768.5545092, 1528002784.9160962, 1528002802.049906, 1528002851.0138426, 1528002883.1738155, 1528002914.4137936, 1528002931.8143806, 1528002963.4712489, 1528002980.745273, 1528002998.051679, 1528003030.6387737, 1528003063.1347868, 1528003098.0700355, 1528003130.8836882, 1528003163.996126, 1528003181.1246662, 1528003198.6298573, 1528003215.6994622, 1528003265.9591317, 1528003282.6758, 1528003299.8281114, 1528003316.0913262, 1528003349.561244, 1528003382.7014303, 1528003416.5990148, 1528003434.3912218, 1528003469.143956, 1528003486.7365003, 1528003522.1919525, 1528003539.102311, 1528003573.0421212, 1528003606.8781078, 1528003641.1775577, 1528003676.4444473, 1528003694.6826625, 1528003712.4577522, 1528003746.196102, 1528003780.2330694, 1528003798.2944803, 1528003815.6971698, 1528003832.7419026, 1528003866.422958, 1528003884.2201838, 1528003933.5353942, 1528003951.2984858, 1528003968.5638556, 1528004004.2381477, 1528004038.832584, 1528004065.0970654, 1528004082.0398378, 1528004100.0832376, 1528004117.8155346, 1528004135.864705, 1528004154.6898465, 1528004188.6770854],