{"initial_reset_timestamp": 1528007159.3965797, "timestamps": [1528007366.6217108, 1528008069.5068, 1528008676.1508255, 1528009124.1411228, 1528009974.4376292, 1528010343.4683466, 1528010806.8557086, 1528011129.056381, 1528011486.0299482, 1528011976.1233113, 1528012449.8637857, 1528013063.025222, 1528013475.3395104, 1528013981.5265324, 1528014353.9037998, 1528014887.3859193, 1528015393.0833309, 1528015941.5575051, 1528016249.38515, 1528017016.898383, 1528017368.3149416, 1528017689.454706, 1528018015.3788102, 1528018322.089248, 1528018662.2510989, 1528019084.8659024, 1528019513.3647695, 1528019835.77653, 1528020314.5023148, 1528020808.556539, 1528021193.9607303, 1528021758.105, 1528022094.045158, 1528022614.1180348, 1528022964.3735921, 1528023319.4570143, 1528023873.7187703, 1528024176.4876769, 1528024670.7635338, 1528025403.0234404, 1528025924.5019767, 1528026285.296177, 1528026745.405783, 1528027406.7053795, 1528027799.941531, 1528028128.624479, 1528028574.4889925, 1528028921.924628, 1528029270.1974862, 1528029832.7538834, 1528030270.1671941, 1528030786.3954215, 1528031225.8070652, 1528031619.910917, 1528032227.368676, 1528032635.8303115, 1528032983.0414734, 1528033398.0010393, 1528033789.8971694, 1528034174.7944617, 1528034707.503726, 1528035199.7794232, 1528035719.0691044, 1528036298.0547876, 1528036899.4173293, 1528037373.916289, 1528037775.485019, 1528038096.8821259, 1528038433.7236402, 1528039004.3932514, 1528039346.4754884, 1528039714.3796446, 1528040460.936746, 1528041072.672619, 1528041630.2433646, 1528042359.545315, 1528042966.766918, 1528043363.6520247, 1528043844.7131085, 1528044511.6312773, 1528044926.102107, 1528045525.9102426, 1528045981.141122, 1528046822.1208751, 1528047615.1033337, 1528048570.3227744, 1528049591.9043543, 1528050554.6563675, 1528051430.4337926, 1528051900.054621, 1528052963.8049161, 1528053560.507361, 1528054940.3618305, 1528056277.2394123, 1528057915.0531485, 1528058880.1707675, 1528059855.2066352], "episode_lengths": [313, 353, 309, 239, 438, 181, 238, 171, 181, 251, 260, 338, 227, 280, 208, 296, 282, 305, 172, 424, 195, 180, 182, 172, 190, 236, 237, 180, 267, 270, 210, 313, 188, 287, 194, 194, 303, 169, 271, 402, 287, 197, 250, 360, 215, 181, 242, 190, 190, 305, 237, 282, 238, 214, 327, 210, 183, 220, 209, 206, 277, 263, 283, 310, 319, 256, 210, 173, 183, 309, 187, 202, 406, 330, 304, 398, 332, 214, 263, 360, 228, 327, 248, 456, 433, 501, 521, 487, 447, 237, 542, 303, 703, 679, 820, 494, 498], "episode_rewards": [2.0, 3.0, 2.0, 1.0, 5.0, 0.0, 1.0, 0.0, 0.0, 1.0, 2.0, 3.0, 1.0, 2.0, 1.0, 2.0, 2.0, 2.0, 0.0, 5.0, 0.0, 0.0, 0.0, 0.0, 0.0, 1.0, 1.0, 0.0, 1.0, 2.0, 0.0, 2.0, 0.0, 2.0, 0.0, 0.0, 3.0, 0.0, 1.0, 4.0, 2.0, 0.0, 1.0, 3.0, 1.0, 0.0, 1.0, 0.0, 0.0, 2.0, 0.0, 2.0, 1.0, 0.0, 2.0, 0.0, 0.0, 0.0, 0.0, 0.0, 1.0, 1.0, 2.0, 3.0, 2.0, 0.0, 0.0, 0.0, 0.0, 2.0, 0.0, 0.0, 4.0, 3.0, 2.0, 3.0, 0.0, 0.0, 0.0, 1.0, 0.0, 2.0, 0.0, 3.0, 3.0, 1.0, 3.0, 2.0, 1.0, 0.0, 2.0, 0.0, 0.0, 1.0, 0.0, 0.0, 2.0], "episode_types": ["t", "t", "t", "t", "t", "t", "t", "t", "t", "t", "t", "t", "t", "t", "t", "t", "t", "t", "t", "t", "t", "t", "t", "t", "t", "t", "t", "t", "t", "t", "t", "t", "t", "t", "t", "t", "t", "t", "t", "t", "t", "t", "t", "t", "t", "t", "t", "t", "t", "t", "t", "t", "t", "t", "t", "t", "t", "t", "t", "t", "t", "t", "t", "t", "t", "t", "t", "t", "t", "t", "t", "t", "t", "t", "t", "t", "t", "t", "t", "t", "t", "t", "t", "t", "t", "t", "t", "t", "t", "t", "t", "t", "t", "t", "t", "t", "t", "t"]}