{"initial_reset_timestamp": 1527949843.0840557, "timestamps": [1527949844.191905, 1527949845.5411906, 1527950032.666453, 1527950222.4036155, 1527950520.149473, 1527950835.091004, 1527951095.830017, 1527951351.983361, 1527951668.4144008, 1527951867.8583813, 1527952051.8187582, 1527952536.047875, 1527952821.9966218, 1527953047.5929756, 1527953362.804872, 1527953763.9747581, 1527954229.4462638, 1527954492.62418, 1527954767.4800878, 1527955119.1238716, 1527955396.8692515, 1527955601.5416753, 1527956033.7689438, 1527956251.3569448, 1527956501.9791293, 1527956706.3824852, 1527956980.514765, 1527957411.2228086, 1527957603.3956728, 1527958016.5679018, 1527958376.9642525, 1527958672.2702737, 1527958925.5172098, 1527959243.2392914, 1527959441.6576962, 1527959718.844108, 1527960039.7431834, 1527960406.5527933, 1527960704.1524231, 1527961192.1828752, 1527961625.7884707, 1527961925.257033, 1527962213.3498352, 1527962478.0906153, 1527962789.708385, 1527963194.8959403, 1527963479.24987, 1527963738.145307, 1527964315.2997186, 1527964601.7849476, 1527964875.4207685, 1527965213.1172998, 1527965524.6122842, 1527965884.5735536, 1527966239.2505684, 1527966516.1768792, 1527966760.7714152, 1527967038.6592548, 1527967277.412999, 1527967740.9344928, 1527967967.154023, 1527968274.528839, 1527968620.911568, 1527969003.3614378, 1527969261.8804028, 1527969615.779757, 1527970092.642511, 1527970404.2202103, 1527970709.7903128, 1527971018.86584, 1527971319.9029174, 1527971661.0250356, 1527972202.1479726, 1527972581.8335776, 1527972893.8510327, 1527973563.0494576, 1527973847.5975873, 1527974136.61489, 1527974385.9163911, 1527974908.0211086, 1527975216.4590077, 1527975679.3785758, 1527976082.639813, 1527976502.9547722, 1527977094.5324934, 1527977416.5221982, 1527977843.2663195, 1527978373.9774323, 1527978733.4420629, 1527979518.614969, 1527979864.0296676, 1527980397.580765, 1527981071.3930728, 1527982019.0176332, 1527982557.147904, 1527983655.4270647, 1527984164.1179862, 1527985408.3210688], "episode_lengths": [165, 196, 221, 176, 277, 292, 239, 237, 291, 183, 172, 440, 264, 210, 287, 368, 425, 240, 249, 320, 251, 187, 393, 169, 204, 176, 241, 386, 172, 366, 311, 252, 220, 282, 181, 250, 280, 277, 225, 360, 356, 248, 231, 220, 257, 335, 231, 192, 408, 234, 228, 272, 241, 285, 289, 230, 202, 229, 201, 381, 189, 251, 294, 311, 197, 276, 363, 236, 265, 267, 268, 291, 404, 238, 205, 449, 229, 229, 197, 403, 242, 364, 313, 308, 462, 252, 336, 404, 278, 613, 270, 406, 529, 721, 425, 880, 423, 956], "episode_rewards": [0.0, 0.0, 1.0, 0.0, 2.0, 2.0, 1.0, 1.0, 2.0, 0.0, 0.0, 5.0, 2.0, 1.0, 2.0, 4.0, 4.0, 1.0, 1.0, 2.0, 1.0, 0.0, 4.0, 0.0, 0.0, 0.0, 1.0, 3.0, 0.0, 3.0, 3.0, 2.0, 1.0, 2.0, 0.0, 1.0, 2.0, 2.0, 0.0, 3.0, 3.0, 2.0, 1.0, 1.0, 2.0, 3.0, 1.0, 0.0, 4.0, 1.0, 1.0, 1.0, 0.0, 2.0, 1.0, 1.0, 0.0, 0.0, 0.0, 4.0, 0.0, 1.0, 2.0, 2.0, 0.0, 1.0, 3.0, 0.0, 0.0, 1.0, 0.0, 0.0, 4.0, 0.0, 0.0, 4.0, 0.0, 0.0, 0.0, 4.0, 0.0, 1.0, 1.0, 0.0, 3.0, 0.0, 0.0, 1.0, 0.0, 4.0, 0.0, 0.0, 0.0, 3.0, 1.0, 1.0, 0.0, 4.0], "episode_types": ["t", "t", "t", "t", "t", "t", "t", "t", "t", "t", "t", "t", "t", "t", "t", "t", "t", "t", "t", "t", "t", "t", "t", "t", "t", "t", "t", "t", "t", "t", "t", "t", "t", "t", "t", "t", "t", "t", "t", "t", "t", "t", "t", "t", "t", "t", "t", "t", "t", "t", "t", "t", "t", "t", "t", "t", "t", "t", "t", "t", "t", "t", "t", "t", "t", "t", "t", "t", "t", "t", "t", "t", "t", "t", "t", "t", "t", "t", "t", "t", "t", "t", "t", "t", "t", "t", "t", "t", "t", "t", "t", "t", "t", "t", "t", "t", "t", "t", "t"]}